,name,github_id,category,github_url,homepage,license,created_at,updated_at,last_commit_pushed_at,fork_count,open_issue_count,closed_issue_count,star_count,commit_count,latest_stable_release_published_at,latest_stable_release_number,github_release_downloads,monthly_downloads,release_count,description,contributor_count,projectrank,show,projectrank_placing,dependent_project_count,github_dependent_project_count,pypi_id,pypi_url,pypi_latest_release_published_at
0,youtube-dl,ytdl-org/youtube-dl,data-collection,https://github.com/ytdl-org/youtube-dl,https://github.com/ytdl-org/youtube-dl,Unlicense,2010-10-31 14:35:07+00:00,2019-11-09 16:15:26+00:00,2019-11-09 16:15:15+00:00,9970.0,3076.0,15850.0,57550.0,17407.0,2019-11-04 22:34:16+00:00,2019.11.05,39097656.0,1699898.0,100.0,Command-line program to download videos from YouTube.com and other..,842.0,30,True,1.0,,,,,
1,HanLP,hankcs/HanLP,language-specific-nlp,https://github.com/hankcs/HanLP,https://github.com/hankcs/HanLP,Apache-2.0,2014-10-09 06:36:16+00:00,2019-11-08 15:54:39+00:00,2019-11-08 15:53:45+00:00,4500.0,539.0,692.0,16203.0,1173.0,2019-10-17 02:20:24+00:00,1.7.5,169259.0,2969.0,46.0,,35.0,30,True,1.0,1266.0,1266.0,,,
2,you-get,soimort/you-get,data-collection,https://github.com/soimort/you-get,https://github.com/soimort/you-get,MIT,2012-08-20 15:53:36+00:00,2019-10-27 18:04:05+00:00,2019-10-24 19:28:53+00:00,5574.0,320.0,,27917.0,2207.0,2019-09-24 12:05:39+00:00,0.4.1355,293750.0,3865.0,99.0,Dumb downloader that scrapes the web.,187.0,26,True,3.0,,,,,
3,ChatterBot,gunthercox/ChatterBot,conversational-ai,https://github.com/gunthercox/ChatterBot,https://github.com/gunthercox/ChatterBot,BSD-3-Clause,2014-09-28 14:49:00+00:00,2019-10-31 15:41:18+00:00,2019-08-03 18:18:18+00:00,3168.0,155.0,1062.0,9148.0,1831.0,2019-03-24 14:49:00+00:00,1.0.5,,,80.0,"ChatterBot is a machine learning, conversational dialog engine for..",98.0,26,True,1.0,1538.0,1538.0,,,
4,dlib,davisking/dlib,ml-frameworks,https://github.com/davisking/dlib,https://github.com/davisking/dlib,,2014-01-29 00:45:33+00:00,2019-11-06 18:40:26+00:00,2019-11-01 00:23:15+00:00,2432.0,42.0,1537.0,8179.0,7711.0,2019-09-22 19:06:07+00:00,19.18,23220.0,438.0,19.0,A toolkit for making real world machine learning and data analysis..,145.0,26,False,1.0,3066.0,3066.0,,,
5,jieba,fxsjy/jieba,language-specific-nlp,https://github.com/fxsjy/jieba,https://github.com/fxsjy/jieba,MIT,2012-09-29 07:52:01+00:00,2019-09-26 15:08:59+00:00,2019-07-01 11:43:45+00:00,5101.0,467.0,173.0,20735.0,500.0,2017-08-31 06:04:14+00:00,0.39,,,5.0,,43.0,25,False,2.0,5479.0,5479.0,,,
6,ml5-library,ml5js/ml5-library,language-specific-nlp,https://github.com/ml5js/ml5-library,https://github.com/ml5js/ml5-library,MIT,2017-10-03 20:45:07+00:00,2019-11-09 21:08:47+00:00,2019-11-07 16:29:53+00:00,257.0,96.0,226.0,3115.0,533.0,2019-11-06 20:48:28+00:00,0.4.2,99.0,6.0,11.0,Friendly machine learning for the web!.,42.0,23,True,2.0,206.0,206.0,,,
7,fuel,mila-iqia/fuel,data-pipelines,https://github.com/mila-iqia/fuel,https://github.com/mila-iqia/fuel,MIT,2015-02-12 20:42:44+00:00,2019-11-03 22:19:28+00:00,2018-10-31 12:50:33+00:00,255.0,86.0,110.0,815.0,1124.0,2016-02-25 20:56:30+00:00,0.2.0,,,4.0,A data pipeline framework for machine learning.,38.0,21,False,1.0,100.0,100.0,,,
8,caire,esimov/caire,language-specific-nlp,https://github.com/esimov/caire,https://github.com/esimov/caire,MIT,2018-01-08 19:23:04+00:00,2019-10-07 04:01:45+00:00,2019-10-07 04:01:44+00:00,312.0,4.0,37.0,9032.0,205.0,2019-09-11 12:29:57+00:00,1.2.3,1111.0,52.0,8.0,Content aware image resize library.,9.0,20,True,2.0,,,,,
9,pkuseg-python,lancopku/pkuseg-python,language-specific-nlp,https://github.com/lancopku/pkuseg-python,https://github.com/lancopku/pkuseg-python,MIT,2018-08-05 06:41:07+00:00,2019-07-05 00:47:51+00:00,2019-07-05 00:47:50+00:00,660.0,67.0,34.0,4286.0,187.0,,,16391.0,1639.0,2.0,pkuseg; The pkuseg toolkit for multi-domain Chinese word segmentation.,5.0,20,True,2.0,38.0,38.0,,,
10,mace,XiaoMi/mace,ml-frameworks,https://github.com/XiaoMi/mace,https://github.com/XiaoMi/mace,Apache-2.0,2018-06-27 03:50:12+00:00,2019-11-07 09:04:17+00:00,2019-11-07 05:30:06+00:00,625.0,40.0,444.0,3562.0,2871.0,2019-05-30 08:18:09+00:00,0.11.0-rc1,897.0,59.0,4.0,MACE is a deep learning inference framework optimized for mobile..,40.0,20,True,2.0,,,,,
11,ncnn,Tencent/ncnn,ml-frameworks,https://github.com/Tencent/ncnn,https://github.com/Tencent/ncnn,,2017-06-30 10:55:37+00:00,2019-11-08 11:09:40+00:00,2019-11-08 11:09:29+00:00,1977.0,145.0,938.0,7592.0,1039.0,2019-09-08 03:04:27+00:00,20190908,11810.0,421.0,14.0,ncnn is a high-performance neural network inference framework..,92.0,19,False,3.0,,,,,
12,MechanicalSoup,MechanicalSoup/MechanicalSoup,data-collection,https://github.com/MechanicalSoup/MechanicalSoup,https://github.com/MechanicalSoup/MechanicalSoup,MIT,2014-05-26 09:06:11+00:00,2019-09-18 05:54:32+00:00,2019-09-18 05:54:30+00:00,289.0,21.0,109.0,3344.0,538.0,2019-08-27 16:40:46+00:00,0.12.0,31.0,0.0,9.0,A Python library for automating interaction with websites.,37.0,19,True,3.0,,,,,
13,GPy,SheffieldML/GPy,others,https://github.com/SheffieldML/GPy,https://github.com/SheffieldML/GPy,BSD-3-Clause,2012-11-28 17:02:54+00:00,2019-11-05 13:55:22+00:00,2019-10-17 07:57:01+00:00,372.0,153.0,432.0,1157.0,,2016-11-08 07:47:57+00:00,1.5.6,69.0,1.0,6.0,Gaussian processes framework in python.,95.0,19,True,1.0,251.0,251.0,,,
14,kaldi,kaldi-asr/kaldi,audio,https://github.com/kaldi-asr/kaldi,https://github.com/kaldi-asr/kaldi,,2015-04-20 17:23:16+00:00,2019-11-09 21:31:07+00:00,2019-11-09 21:31:06+00:00,3440.0,221.0,955.0,7700.0,8772.0,,,,,,This is the official location of the Kaldi project.,360.0,18,False,1.0,,,,,
15,snownlp,isnowfy/snownlp,language-specific-nlp,https://github.com/isnowfy/snownlp,https://github.com/isnowfy/snownlp,MIT,2013-11-26 11:46:56+00:00,2018-09-10 09:29:41+00:00,2017-05-19 08:50:05+00:00,1102.0,33.0,62.0,4383.0,55.0,,,,,,Python library for processing Chinese text.,7.0,18,False,3.0,234.0,234.0,,,
16,python-pinyin,mozillazg/python-pinyin,language-specific-nlp,https://github.com/mozillazg/python-pinyin,https://github.com/mozillazg/python-pinyin,MIT,2013-09-14 14:01:40+00:00,2019-10-27 14:37:51+00:00,2019-10-27 14:25:08+00:00,365.0,23.0,128.0,2216.0,635.0,2019-10-28 13:27:43+00:00,0.36.0,,,15.0,(pypinyin).,13.0,18,True,3.0,,,,,
17,nolearn,dnouri/nolearn,others,https://github.com/dnouri/nolearn,https://github.com/dnouri/nolearn,MIT,2012-11-22 21:41:47+00:00,2019-11-05 08:36:13+00:00,2019-11-05 08:36:00+00:00,268.0,40.0,173.0,932.0,396.0,,,,,,Combines the ease of use of scikit-learn with the power of..,18.0,18,True,1.0,253.0,253.0,,,
18,gorgonia,gorgonia/gorgonia,language-specific-nlp,https://github.com/gorgonia/gorgonia,https://github.com/gorgonia/gorgonia,,2016-09-14 23:19:43+00:00,2019-11-08 19:47:31+00:00,2019-11-08 19:47:29+00:00,277.0,68.0,129.0,2926.0,677.0,2019-11-07 12:04:38+00:00,0.9.4,,,15.0,Gorgonia is a library that helps facilitate machine learning in Go.,33.0,17,False,3.0,,,,,
19,lingvo,tensorflow/lingvo,nlp,https://github.com/tensorflow/lingvo,https://github.com/tensorflow/lingvo,Apache-2.0,2018-07-24 22:30:28+00:00,2019-11-09 03:27:36+00:00,2019-11-09 03:21:02+00:00,266.0,40.0,97.0,1802.0,1236.0,,,,,,Lingvo.,58.0,17,False,1.0,,,,,
20,konlpy,konlpy/konlpy,language-specific-nlp,https://github.com/konlpy/konlpy,https://github.com/konlpy/konlpy,,2014-05-01 14:37:08+00:00,2019-11-08 09:21:07+00:00,2019-11-08 09:21:06+00:00,233.0,80.0,138.0,892.0,538.0,,,,,1.0,Python package for Korean natural language processing.,26.0,17,False,3.0,443.0,443.0,,,
21,PyMVPA,PyMVPA/PyMVPA,others,https://github.com/PyMVPA/PyMVPA,https://github.com/PyMVPA/PyMVPA,,2009-10-07 18:57:13+00:00,2019-10-10 19:57:46+00:00,2019-08-12 18:00:13+00:00,112.0,109.0,169.0,262.0,9483.0,2016-08-27 16:24:37+00:00,upstream/2.6.0,,,6.0,MultiVariate Pattern Analysis in Python.,53.0,17,False,2.0,14.0,14.0,,,
22,delira,delira-dev/delira,ml-frameworks,https://github.com/delira-dev/delira,https://github.com/delira-dev/delira,BSD-2-Clause,2018-12-11 15:19:01+00:00,2019-10-31 14:26:47+00:00,2019-10-17 14:58:08+00:00,21.0,22.0,71.0,214.0,1417.0,,,,,6.0,Lightweight framework for fast prototyping and training deep neural..,8.0,17,True,3.0,17.0,17.0,,,
23,google-research,google-research/google-research,others,https://github.com/google-research/google-research,https://github.com/google-research/google-research,Apache-2.0,2018-10-04 18:42:48+00:00,2019-11-09 00:19:55+00:00,2019-11-09 00:19:48+00:00,829.0,88.0,22.0,5238.0,473.0,,,,,,Google AI Research.,142.0,16,True,2.0,,,,,
24,GloVe,stanfordnlp/GloVe,nlp,https://github.com/stanfordnlp/GloVe,https://github.com/stanfordnlp/GloVe,Apache-2.0,2015-09-01 17:21:18+00:00,2019-11-01 17:19:33+00:00,2019-11-01 17:19:32+00:00,998.0,80.0,44.0,4196.0,122.0,2015-10-24 18:16:28+00:00,1.2,,,2.0,GloVe model for distributed word representation.,23.0,16,True,1.0,,,,,
25,lore,instacart/lore,others,https://github.com/instacart/lore,https://github.com/instacart/lore,MIT,2017-10-19 21:51:45+00:00,2019-10-11 01:56:22+00:00,2019-10-10 19:15:57+00:00,111.0,15.0,17.0,1428.0,259.0,,,,,,Lore makes machine learning approachable for Software Engineers and..,19.0,16,True,2.0,12.0,12.0,,,
26,BIDMach,BIDData/BIDMach,ml-frameworks,https://github.com/BIDData/BIDMach,https://github.com/BIDData/BIDMach,,2012-10-22 03:17:08+00:00,2019-11-06 03:48:44+00:00,2019-11-06 03:48:31+00:00,169.0,66.0,90.0,898.0,3021.0,2017-03-26 04:20:02+00:00,1.1.2,,,9.0,CPU and GPU-accelerated Machine Learning Library.,45.0,16,False,3.0,,,,,
27,pynlpl,proycon/pynlpl,nlp,https://github.com/proycon/pynlpl,https://github.com/proycon/pynlpl,GPL-3.0,2010-07-06 11:42:27+00:00,2019-03-13 18:03:41+00:00,2019-03-13 16:36:46+00:00,58.0,8.0,22.0,392.0,2158.0,2019-03-13 18:03:41+00:00,1.2.9,,,40.0,"PyNLPl, pronounced as 'pineapple', is a Python library for Natural..",11.0,16,True,1.0,39.0,39.0,,,
28,queries,gmr/queries,db-clients,https://github.com/gmr/queries,https://github.com/gmr/queries,BSD-3-Clause,2012-08-24 16:12:55+00:00,2019-06-27 20:20:12+00:00,2019-06-27 20:20:05+00:00,22.0,5.0,9.0,215.0,322.0,2018-01-29 19:13:34+00:00,2.0.0,,,1.0,PostgreSQL database access simplified.,10.0,16,True,1.0,63.0,63.0,,,
29,ktext,hamelsmu/ktext,nlp,https://github.com/hamelsmu/ktext,https://github.com/hamelsmu/ktext,MIT,2018-01-08 01:09:18+00:00,2019-09-12 22:13:39+00:00,2019-05-23 15:48:23+00:00,27.0,3.0,8.0,166.0,126.0,2019-05-15 05:00:22+00:00,0.40,,,17.0,Utilities for preprocessing text for deep learning with Keras.,2.0,16,True,1.0,380.0,380.0,,,
30,seq2seq,google/seq2seq,nlp,https://github.com/google/seq2seq,https://github.com/google/seq2seq,Apache-2.0,2017-03-02 22:49:20+00:00,2019-01-06 05:39:09+00:00,2017-04-17 21:57:07+00:00,1142.0,178.0,102.0,4987.0,880.0,,,,,,A general-purpose encoder-decoder framework for Tensorflow.,16.0,15,False,2.0,,,,,
31,NeuronBlocks,Microsoft/NeuronBlocks,nlp,https://github.com/microsoft/NeuronBlocks,https://github.com/microsoft/NeuronBlocks,MIT,2019-04-15 01:01:24+00:00,2019-10-18 13:07:54+00:00,2019-10-18 13:07:53+00:00,170.0,5.0,16.0,1237.0,114.0,,,,,4.0,NLP DNN Toolkit - Building Your NLP DNN Models Like Playing Lego.,11.0,15,True,2.0,,,,,
32,bigartm,bigartm/bigartm,nlp,https://github.com/bigartm/bigartm,https://github.com/bigartm/bigartm,,2014-09-15 20:26:11+00:00,2019-11-05 16:10:20+00:00,2019-10-07 14:55:37+00:00,93.0,129.0,204.0,462.0,1629.0,,,5259.0,84.0,28.0,Fast topic modeling platform.,43.0,15,False,2.0,,,,,
33,wikipedia2vec,wikipedia2vec/wikipedia2vec,nlp,https://github.com/wikipedia2vec/wikipedia2vec,https://github.com/wikipedia2vec/wikipedia2vec,,2015-10-26 10:37:06+00:00,2019-09-23 07:45:23+00:00,2019-09-21 08:20:15+00:00,31.0,3.0,33.0,425.0,266.0,2019-09-07 13:03:10+00:00,1.0.4,,,1.0,A tool for learning vector representations of words and entities..,5.0,15,False,2.0,17.0,17.0,,,
34,graphbrain,graphbrain/graphbrain,graph,https://github.com/graphbrain/graphbrain,https://github.com/graphbrain/graphbrain,MIT,2016-02-15 11:25:11+00:00,2019-09-28 16:51:18+00:00,2019-09-28 16:48:32+00:00,11.0,5.0,7.0,99.0,2543.0,2019-09-28 16:51:17+00:00,0.3.0,1.0,0.0,12.0,"Language, Knowledge, Cognition.",7.0,15,False,1.0,,,,,
35,funNLP,fighting41love/funNLP,language-specific-nlp,https://github.com/fighting41love/funNLP,https://github.com/fighting41love/funNLP,,2018-08-21 11:20:39+00:00,2019-10-15 13:35:10+00:00,2019-10-15 13:34:58+00:00,4210.0,2.0,12.0,14196.0,88.0,,,,,,//ITbert&cocoNLPXLORE:NLUcs224n /+ASR + Microsoft//api()SpaCy Common..,10.0,14,False,3.0,,,,,
36,py2neo,technige/py2neo,db-clients,https://github.com/technige/py2neo,https://github.com/technige/py2neo,Apache-2.0,2011-07-03 10:01:07+00:00,2019-08-14 02:05:28+00:00,2019-05-10 14:37:08+00:00,157.0,138.0,521.0,819.0,1054.0,,,,,,Py2neo is a comprehensive toolkit for working with Neo4j from within..,30.0,14,True,3.0,,,,,
37,pybacktest,ematvey/pybacktest,financial-data,https://github.com/ematvey/pybacktest,https://github.com/ematvey/pybacktest,MIT,2012-10-26 11:30:22+00:00,2019-09-09 08:28:12+00:00,2019-09-09 08:28:11+00:00,185.0,8.0,9.0,453.0,178.0,,,,,,"Vectorized backtesting framework in Python / pandas, designed to..",9.0,14,True,1.0,,,,,
38,mlcrate,mxbi/mlcrate,ml-utilities,https://github.com/mxbi/mlcrate,https://github.com/mxbi/mlcrate,MIT,2017-12-25 23:03:19+00:00,2018-12-31 17:29:26+00:00,2018-12-31 17:29:26+00:00,37.0,2.0,1.0,299.0,47.0,2018-09-23 12:02:45+00:00,0.2.0,6.0,0.0,2.0,"A python module of handy tools and functions, mainly for ML and..",2.0,14,True,1.0,17.0,17.0,,,
39,Ultra-Light-Fast-Generic-Face-Detector-1MB,Linzaer/Ultra-Light-Fast-Generic-Face-Detector-1MB,image,https://github.com/Linzaer/Ultra-Light-Fast-Generic-Face-Detector-1MB,https://github.com/Linzaer/Ultra-Light-Fast-Generic-Face-Detector-1MB,MIT,2019-10-10 07:40:48+00:00,2019-11-06 00:57:17+00:00,2019-11-06 00:57:16+00:00,682.0,8.0,53.0,3556.0,112.0,,,,,,1MB lightweight face detection model (1MB).,5.0,13,True,1.0,,,,,
40,pinball,pinterest/pinball,data-pipelines,https://github.com/pinterest/pinball,https://github.com/pinterest/pinball,Apache-2.0,2015-03-04 03:13:18+00:00,2019-05-24 21:48:21+00:00,2019-03-19 03:58:08+00:00,127.0,11.0,23.0,1029.0,150.0,,,,,,Pinball is a scalable workflow manager.,28.0,13,True,3.0,1.0,1.0,,,
41,rlpyt,astooke/rlpyt,others,https://github.com/astooke/rlpyt,https://github.com/astooke/rlpyt,MIT,2019-04-28 18:29:02+00:00,2019-11-06 12:50:59+00:00,2019-10-25 05:06:43+00:00,131.0,21.0,35.0,1012.0,548.0,,,,,,Reinforcement Learning in PyTorch.,7.0,13,True,3.0,,,,,
42,NeMo,NVIDIA/NeMo,nlp,https://github.com/NVIDIA/NeMo,https://github.com/NVIDIA/NeMo,Apache-2.0,2019-08-05 20:16:42+00:00,2019-11-09 02:43:36+00:00,2019-11-07 18:16:09+00:00,76.0,6.0,13.0,810.0,282.0,,,,,2.0,Neural Modules: a toolkit for conversational AI.,19.0,13,True,3.0,,,,,
43,MachineLearningStocks,robertmartin8/MachineLearningStocks,financial-data,https://github.com/robertmartin8/MachineLearningStocks,https://github.com/robertmartin8/MachineLearningStocks,MIT,2017-02-12 04:50:44+00:00,2019-10-29 18:57:58+00:00,2019-10-29 18:57:50+00:00,179.0,3.0,23.0,470.0,82.0,,,,,,Using python and scikit-learn to make stock predictions.,4.0,13,True,3.0,,,,,
44,pypostal,openvenues/pypostal,geospatial-data,https://github.com/openvenues/pypostal,https://github.com/openvenues/pypostal,MIT,2016-01-26 07:07:50+00:00,2019-08-04 07:18:36+00:00,2019-08-04 06:59:20+00:00,44.0,17.0,29.0,349.0,83.0,2017-04-06 07:35:52+00:00,1.0,,,1.0,Python bindings to libpostal for fast international address..,4.0,13,True,1.0,31.0,31.0,,,
45,datasist,risenW/datasist,others,https://github.com/risenW/datasist,https://github.com/risenW/datasist,MIT,2019-07-10 18:19:47+00:00,2019-11-09 23:39:39+00:00,2019-11-09 23:39:38+00:00,25.0,2.0,4.0,46.0,179.0,2019-10-30 08:10:43+00:00,_01,,,2.0,Datasist abstract numerous techniques and functions used repeatedly..,10.0,13,False,3.0,,,datasist,https://pypi.org/project/datasist,2019-10-30 08:16:28+00:00
46,transfer-learning-conv-ai,huggingface/transfer-learning-conv-ai,nlp,https://github.com/huggingface/transfer-learning-conv-ai,https://github.com/huggingface/transfer-learning-conv-ai,MIT,2019-05-07 12:51:08+00:00,2019-10-21 18:11:46+00:00,2019-10-21 18:05:52+00:00,129.0,17.0,20.0,622.0,25.0,,,,,,State-of-the-Art Conversational AI with Transfer Learning.,6.0,12,True,3.0,,,,,
47,pytorch-struct,harvardnlp/pytorch-struct,others,https://github.com/harvardnlp/pytorch-struct,https://github.com/harvardnlp/pytorch-struct,MIT,2019-08-26 19:34:30+00:00,2019-11-08 22:52:43+00:00,2019-11-01 21:06:40+00:00,29.0,6.0,5.0,426.0,188.0,,,,,,"Fast, general, and tested differentiable structured prediction in..",5.0,12,True,3.0,,,,,
48,chazutsu,chakki-works/chazutsu,nlp,https://github.com/chakki-works/chazutsu,https://github.com/chakki-works/chazutsu,Apache-2.0,2017-05-08 05:14:43+00:00,2019-09-27 11:16:21+00:00,2019-09-27 11:16:12+00:00,24.0,1.0,6.0,203.0,96.0,,,,,,The tool to make NLP datasets ready to use.,2.0,12,True,3.0,8.0,8.0,,,
49,tiler,nuno-faria/tiler,image,https://github.com/nuno-faria/tiler,https://github.com/nuno-faria/tiler,MIT,2019-09-07 15:52:25+00:00,2019-09-14 13:14:59+00:00,2019-09-12 07:52:12+00:00,170.0,12.0,17.0,3717.0,10.0,,,,,,Build images with images.,2.0,11,True,2.0,,,,,
50,MUSE,facebookresearch/MUSE,nlp,https://github.com/facebookresearch/MUSE,https://github.com/facebookresearch/MUSE,,2017-10-23 18:20:39+00:00,2019-08-13 03:46:21+00:00,2019-04-23 11:35:38+00:00,372.0,42.0,101.0,2209.0,50.0,,,,,,A library for Multilingual Unsupervised or Supervised word Embeddings.,8.0,11,False,3.0,,,,,
51,InferSent,facebookresearch/InferSent,nlp,https://github.com/facebookresearch/InferSent,https://github.com/facebookresearch/InferSent,,2017-05-18 20:45:29+00:00,2019-08-29 18:39:03+00:00,2019-08-29 18:39:02+00:00,369.0,18.0,99.0,1737.0,69.0,,,,,,InferSent sentence embeddings.,10.0,11,False,3.0,,,,,
52,SentEval,facebookresearch/SentEval,nlp,https://github.com/facebookresearch/SentEval,https://github.com/facebookresearch/SentEval,,2017-05-18 20:44:47+00:00,2019-04-20 09:35:27+00:00,2019-02-05 15:46:45+00:00,183.0,12.0,35.0,1207.0,134.0,,,,,,A python tool for evaluating the quality of sentence embeddings.,11.0,11,False,3.0,,,,,
53,graph2vec,benedekrozemberczki/graph2vec,graph,https://github.com/benedekrozemberczki/graph2vec,https://github.com/benedekrozemberczki/graph2vec,MIT,2018-07-10 11:04:51+00:00,2019-09-06 02:03:55+00:00,2019-09-06 02:03:54+00:00,65.0,,15.0,413.0,53.0,,,,,,A parallel implementation of graph2vec: Learning Distributed..,1.0,11,True,2.0,,,,,
54,cvxpylayers,cvxgrp/cvxpylayers,others,https://github.com/cvxgrp/cvxpylayers,https://github.com/cvxgrp/cvxpylayers,Apache-2.0,2019-10-27 22:42:31+00:00,2019-11-09 01:46:42+00:00,2019-11-09 00:25:57+00:00,21.0,2.0,3.0,413.0,31.0,,,,,,Differentiable convex optimization layers.,3.0,11,True,3.0,,,,,
55,dframcy,yash1994/dframcy,others,https://github.com/yash1994/dframcy,https://github.com/yash1994/dframcy,MIT,2019-09-27 06:32:38+00:00,2019-11-04 12:29:35+00:00,2019-11-04 12:29:29+00:00,1.0,,,30.0,62.0,2019-11-04 10:03:15+00:00,0.1.3,,,3.0,Dataframe Integration with spaCy.,,11,False,3.0,1.0,1.0,,,
56,text-to-text-transfer-transformer,google-research/text-to-text-transfer-transformer,nlp,https://github.com/google-research/text-to-text-transfer-transformer,https://github.com/google-research/text-to-text-transfer-transformer,Apache-2.0,2019-10-17 21:45:14+00:00,2019-11-07 23:54:42+00:00,2019-11-07 23:54:36+00:00,82.0,3.0,6.0,1054.0,20.0,,,,,,Code for the paper Exploring the Limits of Transfer Learning with a..,5.0,10,True,3.0,2.0,2.0,,,
57,gpt-2-output-dataset,openai/gpt-2-output-dataset,nlp,https://github.com/openai/gpt-2-output-dataset,https://github.com/openai/gpt-2-output-dataset,,2019-05-03 02:58:09+00:00,2019-11-05 21:30:51+00:00,2019-11-05 21:30:01+00:00,152.0,8.0,2.0,608.0,18.0,,,,,,"Dataset of GPT-2 outputs for research in detection, biases, and more.",5.0,10,False,3.0,,,,,
58,torchbeast,facebookresearch/torchbeast,reinforcement-learning,https://github.com/facebookresearch/torchbeast,https://github.com/facebookresearch/torchbeast,Apache-2.0,2019-08-30 18:30:09+00:00,2019-10-23 13:31:39+00:00,2019-10-23 13:24:56+00:00,27.0,2.0,1.0,302.0,11.0,,,,,,A PyTorch Platform for Distributed RL.,,10,True,1.0,,,,,
59,AttentionWalk,benedekrozemberczki/AttentionWalk,graph,https://github.com/benedekrozemberczki/AttentionWalk,https://github.com/benedekrozemberczki/AttentionWalk,MIT,2019-01-11 15:09:12+00:00,2019-09-06 04:08:03+00:00,2019-09-06 04:08:03+00:00,20.0,,4.0,155.0,54.0,,,,,,A PyTorch Implementation of Watch Your Step: Learning Node..,1.0,10,True,2.0,,,,,
60,Splitter,benedekrozemberczki/Splitter,graph,https://github.com/benedekrozemberczki/Splitter,https://github.com/benedekrozemberczki/Splitter,MIT,2019-03-17 16:08:17+00:00,2019-08-04 18:39:43+00:00,2019-08-04 18:39:43+00:00,30.0,,4.0,121.0,96.0,,,,,,A Pytorch implementation of Splitter: Learning Node Representations..,,10,True,2.0,,,,,
61,KnowledgeGraphData,ownthink/KnowledgeGraphData,graph,https://github.com/ownthink/KnowledgeGraphData,https://github.com/ownthink/KnowledgeGraphData,,2019-10-11 14:08:37+00:00,2019-10-18 05:09:37+00:00,2019-10-18 05:09:36+00:00,337.0,11.0,3.0,2225.0,6.0,,,,,,1.4.,1.0,9,False,3.0,,,,,
62,votenet,facebookresearch/votenet,image,https://github.com/facebookresearch/votenet,https://github.com/facebookresearch/votenet,MIT,2019-08-17 01:31:24+00:00,2019-10-31 16:52:10+00:00,2019-10-21 05:06:10+00:00,99.0,9.0,36.0,612.0,9.0,,,,,,Deep Hough Voting for 3D Object Detection in Point Clouds.,1.0,9,False,3.0,,,,,
63,bert-sklearn,charles9n/bert-sklearn,nlp,https://github.com/charles9n/bert-sklearn,https://github.com/charles9n/bert-sklearn,Apache-2.0,2019-02-18 03:48:10+00:00,2019-08-10 18:00:23+00:00,2019-08-10 18:00:22+00:00,18.0,3.0,6.0,78.0,47.0,,,,,2.0,a sklearn wrapper for Google's BERT model.,2.0,9,False,3.0,,,,,
64,pgANN,netrasys/pgANN,nn-search,https://github.com/netrasys/pgANN,https://github.com/netrasys/pgANN,MIT,2019-07-02 13:53:56+00:00,2019-10-21 10:39:40+00:00,2019-10-21 10:39:39+00:00,7.0,1.0,1.0,105.0,24.0,,,,,,Fast Approximate Nearest Neighbor (ANN) searches with a PostgreSQL..,1.0,8,False,1.0,,,,,
65,mvfst-rl,facebookresearch/mvfst-rl,reinforcement-learning,https://github.com/facebookresearch/mvfst-rl,https://github.com/facebookresearch/mvfst-rl,,2019-09-09 23:11:15+00:00,2019-11-07 11:28:04+00:00,2019-11-07 11:28:03+00:00,10.0,1.0,1.0,66.0,241.0,,,,,,An asynchronous RL platform for congestion control in QUIC transport..,7.0,8,False,3.0,,,,,
66,babble,HazyResearch/babble,nlp,https://github.com/HazyResearch/babble,https://github.com/HazyResearch/babble,Apache-2.0,2018-05-04 05:04:30+00:00,2019-06-24 16:43:59+00:00,2019-06-24 16:43:58+00:00,12.0,,,104.0,15.0,,,,,,A system for generating training labels via natural language..,1.0,7,False,3.0,,,,,
67,Weighted-Boxes-Fusion,ZFTurbo/Weighted-Boxes-Fusion,image,https://github.com/ZFTurbo/Weighted-Boxes-Fusion,https://github.com/ZFTurbo/Weighted-Boxes-Fusion,,2019-10-27 16:17:58+00:00,2019-10-31 07:10:44+00:00,2019-10-31 07:10:43+00:00,3.0,,1.0,89.0,9.0,2019-10-31 07:08:38+00:00,1.1,17.0,17.0,2.0,"Set of methods to ensemble boxes from object detection models,..",2.0,7,False,3.0,,,,,
68,stacknn-core,viking-sudo-rm/stacknn-core,ml-utilities,https://github.com/viking-sudo-rm/stacknn-core,https://github.com/viking-sudo-rm/stacknn-core,,2019-10-07 22:01:18+00:00,2019-10-22 19:57:43+00:00,2019-10-22 19:57:43+00:00,,,,50.0,539.0,,,,,,Pip-installable differentiable stacks in PyTorch!.,8.0,7,False,3.0,,,,,
69,few-shot-vid2vid,NVlabs/few-shot-vid2vid,image,https://github.com/NVlabs/few-shot-vid2vid,https://github.com/NVlabs/few-shot-vid2vid,,2019-10-25 07:00:49+00:00,2019-10-29 01:17:24+00:00,2019-10-29 01:18:30+00:00,35.0,1.0,,508.0,3.0,,,,,,,1.0,6,False,3.0,,,,,
70,holmes-extractor,msg-systems/holmes-extractor,nlp,https://github.com/msg-systems/holmes-extractor,https://github.com/msg-systems/holmes-extractor,,2019-04-29 19:00:58+00:00,2019-11-08 18:16:21+00:00,2019-05-13 09:53:39+00:00,14.0,,,132.0,10.0,,,,,,Information extraction from English and German texts based on..,2.0,6,False,3.0,,,,,
71,receptive_field,google-research/receptive_field,others,https://github.com/google-research/receptive_field,https://github.com/google-research/receptive_field,Apache-2.0,2019-10-14 21:53:30+00:00,2019-11-04 18:13:36+00:00,2019-11-04 18:13:32+00:00,5.0,,,71.0,2.0,,,,,,Compute receptive fields of your favorite convnets.,2.0,6,False,3.0,,,,,
72,fastGraph,AngusKung/fastGraph,graph,https://github.com/AngusKung/fastGraph,https://github.com/AngusKung/fastGraph,Apache-2.0,2019-01-12 08:40:24+00:00,2019-03-27 08:37:39+00:00,2019-03-27 08:37:21+00:00,,,,,10.0,,,,,,A fast and lightweight package designed for Graph Embedding.,1.0,4,False,3.0,,,,,
73,riko,pnerevu/riko,data-pipelines,,{},,,,,,,,,,,,,,,,,0,False,,,,,,
