,name,github_id,category,github_url,homepage,created_at,updated_at,last_commit_pushed_at,fork_count,open_issue_count,closed_issue_count,star_count,commit_count,latest_stable_release_published_at,latest_stable_release_number,github_release_downloads,monthly_downloads,release_count,description,dependent_project_count,github_dependent_project_count,contributor_count,projectrank,show,projectrank_placing,pypi_id,license,pypi_url,pypi_latest_release_published_at,pypi_dependent_project_count,pypi_monthly_downloads,helm_id,dockerhub_id,dockerhub_url,dockerhub_latest_release_published_at,dockerhub_stars,dockerhub_pulls,brew_id,go_id,npm_id,npm_url,npm_latest_release_published_at,npm_monthly_downloads
0,protobuf,protocolbuffers/protobuf,data-serialization,https://github.com/protocolbuffers/protobuf,https://github.com/protocolbuffers/protobuf,2014-08-26 15:52:15+00:00,2019-11-11 18:14:31+00:00,2019-11-11 18:14:30+00:00,10306.0,760.0,2888.0,38342,7040.0,2019-10-29 18:30:28+00:00,3.10.1,13468832.0,213790.0,38.0,Protocol Buffers - Google's data interchange format.,48696.0,48696.0,679,34,False,1,,,,,,,,,,,,,,,,,,
1,thrift,apache/thrift,data-serialization,https://github.com/apache/thrift,https://github.com/apache/thrift,2009-09-18 08:00:17+00:00,2019-11-09 22:21:11+00:00,2019-11-09 22:21:09+00:00,3120.0,18.0,,6933,5834.0,2019-10-16 21:13:07+00:00,0.13.0,478.0,2220006.0,7.0,Apache Thrift.,2562.0,,395,33,True,2,thrift,Apache-2.0,https://pypi.org/project/thrift,2018-01-11 17:25:25+00:00,2562.0,2219963.0,,,,,,,,,,,,
2,incubator-echarts,apache/incubator-echarts,data-viz,https://github.com/apache/incubator-echarts,https://github.com/apache/incubator-echarts,2013-04-03 03:18:59+00:00,2019-11-11 20:39:16+00:00,2019-11-08 12:56:17+00:00,11811.0,2628.0,8497.0,37677,5566.0,2019-10-15 07:01:06+00:00,4.4.0,,,64.0,"A powerful, interactive charting and visualization library for browser.",53825.0,53825.0,103,30,True,1,,Apache-2.0,,,,,,,,,,,,,,,,
3,druid,alibaba/druid,others,https://github.com/alibaba/druid,https://github.com/alibaba/druid,2011-11-03 05:12:51+00:00,2019-11-08 00:42:08+00:00,2019-11-03 13:12:49+00:00,6577.0,1577.0,1020.0,19213,6051.0,2019-11-03 14:14:18+00:00,1.1.21,,,33.0,Data Lake Analytics(https://www.aliyun.com/product/datalakeanalytics )DRDSTDDL powered by Druid.,126578.0,126578.0,161,29,False,1,,,,,,,,,,,,,,,,,,
4,OpenFaaS,openfaas/faas,faas,https://github.com/openfaas/faas,https://github.com/openfaas/faas,2016-12-22 12:51:39+00:00,2019-11-11 19:09:06+00:00,2019-11-09 11:49:31+00:00,1279.0,59.0,573.0,16065,1752.0,2019-10-15 21:27:01+00:00,0.18.2,139806.0,216739.0,100.0,OpenFaaS - Serverless Functions Made Simple.,,,137,27,True,1,,MIT,,,,,openfaas/openfaas,openfaas/gateway,https://hub.docker.com/r/openfaas/gateway,2019-10-21 08:05:22.379881+00:00,2.0,7411143.0,,,,,,
5,salt,saltstack/salt,remote-executions,https://github.com/saltstack/salt,https://github.com/saltstack/salt,2011-02-20 20:16:56+00:00,2019-11-11 20:51:25+00:00,2019-11-11 17:06:24+00:00,4685.0,3044.0,18904.0,10395,102524.0,2019-10-23 20:32:44+00:00,2019.2.2,19077.0,280.0,100.0,Software to automate the management and configuration of any infrastructure or application at scale. Get access to the..,,,3406,26,False,1,,,,,,,,,,,,,,,,,,
6,sigma.js,jacomyal/sigma.js,data-viz,https://github.com/jacomyal/sigma.js,https://github.com/jacomyal/sigma.js,2012-03-11 15:17:40+00:00,2019-08-30 13:34:04+00:00,2018-09-21 08:40:05+00:00,1384.0,489.0,385.0,8759,824.0,2017-10-13 09:25:20+00:00,1.2.1,97062.0,1386.0,7.0,A JavaScript library dedicated to graph drawing.,279.0,279.0,69,26,False,2,,MIT,,,,,,,,,,,,,,,,
7,h2database,h2database/h2database,data-storage,https://github.com/h2database/h2database,https://github.com/h2database/h2database,2015-04-10 19:09:09+00:00,2019-11-11 09:34:46+00:00,2019-11-11 09:34:44+00:00,645.0,195.0,907.0,2022,11745.0,2019-10-14 07:13:45+00:00,ersion-1.4.200,,,12.0,H2 is an embeddable RDBMS written in Java.,233930.0,233930.0,141,26,False,1,,,,,,,,,,,,,,,,,,
8,ansible,ansible/ansible,remote-executions,https://github.com/ansible/ansible,https://github.com/ansible/ansible,2012-03-06 14:58:02+00:00,2019-11-11 21:02:41+00:00,2019-11-11 20:46:03+00:00,17353.0,6307.0,21018.0,40291,,2017-01-10 20:09:37+00:00,2.2.1.0-0.3.rc3,,,3.0,Ansible is a radically simple IT automation platform that makes your applications and systems easier to deploy. Avoid..,9347.0,9347.0,5913,25,True,2,,GPL-3.0,,,,,,,,,,,,,,,,
9,skywalking,apache/skywalking,event-analytics,https://github.com/apache/skywalking,https://github.com/apache/skywalking,2015-11-07 03:30:36+00:00,2019-11-11 16:59:41+00:00,2019-11-11 16:59:40+00:00,3203.0,68.0,1764.0,11118,5246.0,2019-09-11 16:38:40+00:00,6.4.0,16893.0,359.0,34.0,"APM, Application Performance Monitoring System.",,,189,25,True,1,,Apache-2.0,,,,,,,,,,,,,,,,
10,rabbitmq-server,rabbitmq/rabbitmq-server,others,https://github.com/rabbitmq/rabbitmq-server,https://github.com/rabbitmq/rabbitmq-server,2010-09-20 10:29:16+00:00,2019-11-08 19:23:58+00:00,2019-11-06 10:49:37+00:00,2034.0,71.0,1050.0,6460,18175.0,2019-11-01 02:57:47+00:00,3.7.21,2265642.0,80915.0,100.0,Open source multi-protocol messaging broker.,,,135,25,False,1,,,,,,,,,,,,,,,,,,
11,Fn,fnproject/fn,faas,https://github.com/fnproject/fn,https://github.com/fnproject/fn,2017-07-18 23:22:46+00:00,2019-11-04 18:29:44.569966+00:00,2019-11-04 18:29:34+00:00,320.0,126.0,507.0,4315,3387.0,2017-07-26 23:53:11+00:00,0.3.25,54.0,108741.0,5.0,"The container native, cloud agnostic serverless platform.",,,202,25,True,2,,Apache-2.0,,,,,banzaicloud-stable/fn,fnproject/fnserver,https://hub.docker.com/r/fnproject/fnserver,2019-11-04 18:29:44.569966+00:00,4.0,3044721.0,fn,,,,,
12,RocksDB,facebook/rocksdb,data-storage,https://github.com/facebook/rocksdb,https://github.com/facebook/rocksdb,2012-11-30 06:16:18+00:00,2019-11-11 20:43:13+00:00,2019-11-09 03:15:35+00:00,3386.0,402.0,1495.0,15329,8463.0,2019-10-31 21:55:22+00:00,6.4.6,,,100.0,"A library that provides an embeddable, persistent key-value store for fast storage.",,,650,24,True,1,,Apache-2.0,,,,,,,,,,,,,,,,
13,realm-cocoa,realm/realm-cocoa,data-storage,https://github.com/realm/realm-cocoa,https://github.com/realm/realm-cocoa,2012-04-16 20:06:56+00:00,2019-11-09 03:55:02+00:00,2019-11-09 03:54:51+00:00,1781.0,430.0,3424.0,13566,10977.0,2019-11-08 23:03:08+00:00,4.0.0,244774.0,5692.0,100.0,Realm is a mobile database: a replacement for Core Data & SQLite.,,,147,24,False,1,,,,,,,,,,,,,,,,,,
14,matomo,matomo-org/matomo,event-analytics,https://github.com/matomo-org/matomo,https://github.com/matomo-org/matomo,2011-03-30 21:18:17+00:00,2019-11-11 18:49:16+00:00,2019-11-11 18:49:11+00:00,1893.0,1736.0,8806.0,12311,26110.0,2019-10-29 04:24:27+00:00,3.12.0,,,100.0,Liberating Web Analytics. Star us on Github? +1. Matomo is the leading open alternative to Google Analytics that gives..,7.0,7.0,298,24,True,2,,GPL-3.0,,,,,,,,,,,,,,,,
15,fluentd,fluent/fluentd,others,https://github.com/fluent/fluentd,https://github.com/fluent/fluentd,2011-06-19 08:41:40+00:00,2019-11-11 10:12:46+00:00,2019-11-08 04:13:41+00:00,992.0,239.0,1064.0,8518,5050.0,,,,,,Fluentd: Unified Logging Layer (project under CNCF).,2602.0,2602.0,206,24,True,1,,Apache-2.0,,,,,,,,,,,,,,,,
16,thanos,thanos-io/thanos,data-storage,https://github.com/thanos-io/thanos,https://github.com/thanos-io/thanos,2017-11-01 17:38:03+00:00,2019-11-11 19:28:02+00:00,2019-11-11 12:20:05+00:00,564.0,260.0,434.0,4601,1105.0,2019-10-14 12:37:01+00:00,0.8.1,56206.0,3122.0,21.0,Highly available Prometheus setup with long term storage capabilities. CNCF Sandbox project.,,,163,24,True,1,,Apache-2.0,,,,,,,,,,,,,,,,
17,OpenWhisk,apache/openwhisk,faas,https://github.com/apache/openwhisk,https://github.com/apache/openwhisk,2016-02-18 21:16:19+00:00,2019-11-11 18:12:41+00:00,2019-11-11 14:58:41+00:00,832.0,467.0,1357.0,4368,2655.0,2018-10-31 11:51:11+00:00,0.9.0-incubating,53.0,103195.0,1.0,Apache OpenWhisk is an open source serverless cloud platform.,,,189,24,True,2,,Apache-2.0,,,,,,openwhisk/controller,https://hub.docker.com/r/openwhisk/controller,2019-11-11 15:23:52.871553+00:00,4.0,4643595.0,,,,,,
18,opentsdb,OpenTSDB/opentsdb,data-storage,https://github.com/OpenTSDB/opentsdb,https://github.com/OpenTSDB/opentsdb,2010-08-27 02:05:20+00:00,2019-11-11 20:48:23+00:00,2019-05-29 13:46:47+00:00,1049.0,471.0,506.0,3917,1642.0,2018-12-17 02:38:32+00:00,2.4.0,4750100.0,63334.0,25.0,"A scalable, distributed Time Series Database.",,,158,24,False,1,,LGPL-2.1,,,,,,,,,,,,,,,,
19,KairosDB,kairosdb/kairosdb,data-storage,https://github.com/kairosdb/kairosdb,https://github.com/kairosdb/kairosdb,2013-02-05 22:27:48+00:00,2019-10-25 21:54:37+00:00,2019-10-25 21:54:32+00:00,308.0,134.0,287.0,1490,1187.0,2018-11-10 04:04:05+00:00,1.2.2,385539.0,5931.0,14.0,Fast scalable time series database.,26.0,26.0,75,24,True,1,,Apache-2.0,,,,,,,,,,,,,,,,
20,oh-my-zsh,robbyrussell/oh-my-zsh,others,https://github.com/robbyrussell/oh-my-zsh,https://github.com/robbyrussell/oh-my-zsh,2009-08-28 18:15:37+00:00,2019-11-11 18:50:22+00:00,2019-11-09 11:49:17+00:00,17997.0,768.0,2879.0,98444,5361.0,,,,,,"A delightful community-driven (with 1,300+ contributors) framework for managing your zsh configuration. Includes 200+..",,,1745,23,True,2,,MIT,,,,,,,,,,,,,,,,
21,seaweedfs,chrislusf/seaweedfs,file-systems,https://github.com/chrislusf/seaweedfs,https://github.com/chrislusf/seaweedfs,2014-07-14 16:41:37+00:00,2019-11-11 20:43:25+00:00,2019-11-11 20:43:24+00:00,1164.0,27.0,844.0,8722,2717.0,2019-10-12 07:06:52+00:00,1.44,24098.0,438.0,41.0,SeaweedFS is a simple and highly scalable distributed file system. There are two objectives: to store billions of..,,,99,23,True,1,,Apache-2.0,,,,,,,,,,,,,,,,
22,bullet3,bulletphysics/bullet3,ml-applications,https://github.com/bulletphysics/bullet3,https://github.com/bulletphysics/bullet3,2011-04-12 18:45:08+00:00,2019-11-09 04:45:06+00:00,2019-11-09 04:45:05+00:00,1477.0,414.0,715.0,5568,7877.0,2018-12-31 21:03:07+00:00,2.88,5292.0,115.0,5.0,"Bullet Physics SDK: real-time collision detection and multi-physics simulation for VR, games, visual effects,..",365.0,365.0,216,23,False,1,,,,,,,,,,,,,,,,,,
23,Kubeless,kubeless/kubeless,faas,https://github.com/kubeless/kubeless,https://github.com/kubeless/kubeless,2016-11-16 09:03:03+00:00,2019-11-08 12:53:39.890141+00:00,2019-11-08 12:36:45+00:00,523.0,148.0,408.0,5208,999.0,2019-10-16 13:15:38+00:00,1.0.5,103705.0,44401.0,42.0,Kubernetes Native Serverless Framework.,,,89,23,True,3,,Apache-2.0,,,,,incubator/kubeless,kubeless/function-controller,https://hub.docker.com/r/kubeless/function-controller,2019-11-08 12:53:39.890141+00:00,1.0,1481829.0,,,,,,
24,pulsar,apache/pulsar,others,https://github.com/apache/pulsar,https://github.com/apache/pulsar,2016-06-28 07:00:03+00:00,2019-11-11 20:34:30+00:00,2019-11-11 05:43:45+00:00,1065.0,571.0,1003.0,4427,4019.0,2019-09-04 05:43:06+00:00,2.4.1,3579.0,91.0,38.0,Apache Pulsar - distributed pub-sub messaging system.,5.0,5.0,183,23,True,2,,Apache-2.0,,,,,,,,,,,,,,,,
25,gpdb,greenplum-db/gpdb,data-storage,https://github.com/greenplum-db/gpdb,https://github.com/greenplum-db/gpdb,2015-10-23 00:25:17+00:00,2019-11-11 18:33:48+00:00,2019-11-09 03:00:50+00:00,1016.0,246.0,1051.0,3609,54094.0,2019-11-02 02:18:49+00:00,6.1.0,6833.0,2277.0,5.0,Greenplum Database.,,,293,23,False,2,,,,,,,,,,,,,,,,,,
26,serving,knative/serving,model-deployment,https://github.com/knative/serving,https://github.com/knative/serving,2018-01-24 22:07:44+00:00,2019-11-11 19:35:00+00:00,2019-11-11 17:03:21+00:00,486.0,309.0,1794.0,2429,3273.0,,,252634.0,15789.0,20.0,"Kubernetes-based, scale-to-zero, request-driven compute.",,,155,23,True,1,,Apache-2.0,,,,,,,,,,,,,,,,
27,telegraf,influxdata/telegraf,event-analytics,https://github.com/influxdata/telegraf,https://github.com/influxdata/telegraf,2015-04-01 16:28:44+00:00,2019-11-11 17:24:33+00:00,2019-11-08 20:13:34+00:00,2921.0,848.0,2977.0,7621,4335.0,2019-10-23 20:30:53+00:00,1.12.4,,,71.0,The plugin-driven server agent for collecting & reporting metrics.,,,684,22,True,2,,MIT,,,,,,,,,,,,,,,,
28,elastalert,Yelp/elastalert,event-analytics,https://github.com/Yelp/elastalert,https://github.com/Yelp/elastalert,2014-11-24 19:39:19+00:00,2019-11-07 08:19:38+00:00,2019-09-27 21:58:28+00:00,1309.0,919.0,847.0,6271,2051.0,2015-06-25 22:12:51+00:00,0.0.52,,,1.0,Easy & Flexible Alerting With ElasticSearch.,16.0,16.0,246,22,True,2,,Apache-2.0,,,,,,,,,,,,,,,,
29,Fission,fission/fission,faas,https://github.com/fission/fission,https://github.com/fission/fission,2016-08-19 03:43:56+00:00,2019-11-11 19:05:26+00:00,2019-11-11 19:05:22+00:00,422.0,250.0,435.0,4746,1029.0,2019-10-10 18:45:30+00:00,1.6.0,44465.0,1533.0,34.0,Fast and Simple Serverless Functions for Kubernetes.,,,96,22,True,3,,Apache-2.0,,,,,,,,,,,,,,,,
30,couchdb,apache/couchdb,data-storage,https://github.com/apache/couchdb,https://github.com/apache/couchdb,2009-05-21 02:03:38+00:00,2019-11-11 15:04:31+00:00,2019-11-06 22:55:06+00:00,812.0,232.0,685.0,4349,11864.0,2019-01-02 19:34:55+00:00,2.3.0,967.0,60.0,4.0,Apache CouchDB.,,,196,22,True,2,,Apache-2.0,,,,,,,,,,,,,,,,
31,atlas,Netflix/atlas,data-storage,https://github.com/Netflix/atlas,https://github.com/Netflix/atlas,2014-08-05 05:23:04+00:00,2019-11-11 02:59:34+00:00,2019-11-11 02:59:32+00:00,208.0,29.0,149.0,2515,1608.0,2019-08-28 17:44:58+00:00,1.6.3,10279.0,174.0,42.0,In-memory dimensional time series database.,,,23,22,True,2,,Apache-2.0,,,,,,,,,,,,,,,,
32,m3,m3db/m3,data-storage,https://github.com/m3db/m3,https://github.com/m3db/m3,2016-06-14 20:29:45+00:00,2019-11-11 19:08:00+00:00,2019-11-11 18:54:20+00:00,210.0,288.0,182.0,2323,2632.0,2019-10-25 03:59:18+00:00,0.14.2,12949.0,719.0,40.0,"M3 monorepo - Distributed TSDB, Aggregator and Query Engine, Prometheus Sidecar, Graphite Compatible, Metrics Platform.",,,57,22,True,2,,Apache-2.0,,,,,,,,,,,,,,,,
33,avro,apache/avro,data-serialization,https://github.com/apache/avro,https://github.com/apache/avro,2009-05-21 02:48:37+00:00,2019-11-11 12:56:44+00:00,2019-11-09 17:38:09+00:00,921.0,41.0,,1430,2157.0,2019-09-13 09:54:59+00:00,release-1.9.0,,,9.0,Apache Avro.,29.0,29.0,156,22,True,2,,Apache-2.0,,,,,,,,,,,,,,,,
34,cockroach,cockroachdb/cockroach,data-storage,https://github.com/cockroachdb/cockroach,https://github.com/cockroachdb/cockroach,2014-02-06 00:18:47+00:00,2019-11-11 21:03:29+00:00,2019-11-11 20:41:58+00:00,1964.0,2687.0,18816.0,17302,42491.0,2017-11-27 13:44:38+00:00,1.1.2,,,17.0,"CockroachDB - the open source, cloud-native SQL database.",,,314,21,False,2,,,,,,,,,,,,,,,,,,
35,foundationdb,apple/foundationdb,data-storage,https://github.com/apple/foundationdb,https://github.com/apple/foundationdb,2017-12-14 01:40:42+00:00,2019-11-09 03:52:58+00:00,2019-11-09 03:52:57+00:00,754.0,332.0,281.0,9597,7520.0,2019-11-06 17:05:24+00:00,6.2.8,,,66.0,"FoundationDB - the open source, distributed, transactional key-value store.",,,108,21,True,2,,Apache-2.0,,,,,,,,,,,,,,,,
36,tikv,tikv/tikv,data-storage,https://github.com/tikv/tikv,https://github.com/tikv/tikv,2015-12-31 04:51:32+00:00,2019-11-11 20:59:10+00:00,2019-11-11 14:09:30+00:00,923.0,556.0,961.0,6325,4162.0,2019-11-04 07:07:34+00:00,2.1.18,,,69.0,"Distributed transactional key-value database, originally created to complement TiDB.",,,199,21,True,2,,Apache-2.0,,,,,,,,,,,,,,,,
37,EventStore,EventStore/EventStore,data-storage,https://github.com/EventStore/EventStore,https://github.com/EventStore/EventStore,2012-09-17 17:22:49+00:00,2019-11-11 18:54:24+00:00,2019-11-01 13:15:31+00:00,503.0,222.0,769.0,3521,5594.0,2019-11-06 09:34:35+00:00,oss-v5.0.4,540.0,7.0,59.0,The stream database optimised for event sourcing.,515.0,515.0,106,21,False,2,,,,,,,,,,,,,,,,,,
38,IronFunctions,iron-io/functions,faas,https://github.com/iron-io/functions,https://github.com/iron-io/functions,2016-06-22 22:19:22+00:00,2018-12-04 00:09:45+00:00,2018-08-20 11:24:32+00:00,205.0,93.0,218.0,2677,904.0,2018-01-26 04:52:36+00:00,0.2.72,3772.0,8317.0,100.0,IronFunctions - the serverless microservices platform by.,,,136,21,False,3,,Apache-2.0,,,,,,iron/functions,https://hub.docker.com/r/iron/functions,2018-01-26 04:50:30.434133+00:00,13.0,336639.0,iron-functions,,,,,
39,snappydata,SnappyDataInc/snappydata,data-storage,https://github.com/SnappyDataInc/snappydata,https://github.com/SnappyDataInc/snappydata,2015-09-16 10:36:36+00:00,2019-11-11 17:34:39+00:00,2019-11-08 13:08:58+00:00,178.0,88.0,112.0,934,3931.0,2019-08-28 13:52:50+00:00,1.1.1,17778.0,395.0,18.0,"Project SnappyData - memory optimized analytics database, based on Apache Spark and Apache Geode. Stream, Transact,..",,,78,21,True,2,,Apache-2.0,,,,,,,,,,,,,,,,
40,server,nextcloud/server,others,https://github.com/nextcloud/server,https://github.com/nextcloud/server,2016-06-02 07:44:14+00:00,2019-11-11 17:50:05+00:00,2019-11-11 15:14:33+00:00,1595.0,2103.0,6787.0,8840,51186.0,2018-05-29 14:46:01+00:00,theming-1.4.5,254.0,6.0,21.0,"Nextcloud server, a safe home for all your data.",,,811,20,False,2,,,,,,,,,,,,,,,,,,
41,snappy,google/snappy,data-serialization,https://github.com/google/snappy,https://github.com/google/snappy,2014-03-03 21:58:09+00:00,2019-11-11 20:06:03+00:00,2019-11-11 20:05:59+00:00,648.0,23.0,,3780,221.0,2017-08-25 00:37:10+00:00,1.1.7,907638.0,17454.0,5.0,A fast compressor/decompressor.,,,32,20,False,3,,,,,,,,,,,,,,,,,,
42,MACE,XiaoMi/mace,others,https://github.com/XiaoMi/mace,https://github.com/XiaoMi/mace,2018-06-27 03:50:12+00:00,2019-11-07 09:04:17+00:00,2019-11-07 05:30:06+00:00,624.0,39.0,445.0,3561,2871.0,2019-05-30 08:18:09+00:00,0.11.0-rc1,897.0,59.0,4.0,MACE is a deep learning inference framework optimized for mobile heterogeneous computing platforms.,,,40,20,True,2,,Apache-2.0,,,,,,,,,,,,,,,,
43,scalding,twitter/scalding,others,https://github.com/twitter/scalding,https://github.com/twitter/scalding,2012-01-10 16:22:08+00:00,2019-10-05 22:53:21+00:00,2019-10-03 22:07:30+00:00,674.0,306.0,313.0,3183,3634.0,2017-12-22 20:23:36+00:00,0.17.4,,,17.0,A Scala API for Cascading.,,,199,20,True,2,,Apache-2.0,,,,,,,,,,,,,,,,
44,Slick,slick/slick,others,https://github.com/slick/slick,https://github.com/slick/slick,2009-02-20 22:51:53+00:00,2019-10-18 14:25:52+00:00,2019-08-09 11:44:33+00:00,545.0,419.0,850.0,2302,2137.0,2019-06-15 12:15:40+00:00,3.3.2,,,6.0,Scala Language Integrated Connection Kit.,,,148,20,True,2,,BSD-2-Clause,,,,,,,,,,,,,,,,
45,rmarkdown,rstudio/rmarkdown,dev-environments,https://github.com/rstudio/rmarkdown,https://github.com/rstudio/rmarkdown,2014-01-22 17:25:19+00:00,2019-11-11 15:54:08+00:00,2019-11-11 15:53:56+00:00,694.0,129.0,1094.0,1654,2590.0,2019-10-01 20:40:09+00:00,1.16,,,11.0,Dynamic Documents for R.,,,92,20,False,1,,,,,,,,,,,,,,,,,,
46,fabtools,fabtools/fabtools,remote-executions,https://github.com/fabtools/fabtools,https://github.com/fabtools/fabtools,2011-09-05 01:44:24+00:00,2019-09-16 09:19:01+00:00,2019-09-16 09:19:00+00:00,218.0,104.0,63.0,1202,939.0,,,,,,Tools for writing awesome Fabric files.,226.0,226.0,88,20,True,3,,BSD-2-Clause,,,,,,,,,,,,,,,,
47,FiloDB,filodb/FiloDB,data-storage,https://github.com/filodb/FiloDB,https://github.com/filodb/FiloDB,2015-01-14 18:35:32+00:00,2019-11-11 00:46:27+00:00,2019-11-08 21:11:23+00:00,192.0,13.0,83.0,1156,1521.0,2019-10-10 03:43:18+00:00,0.8.7,,,6.0,Distributed Prometheus time series database.,,,47,20,True,2,,Apache-2.0,,,,,,,,,,,,,,,,
48,firebird,FirebirdSQL/firebird,data-storage,https://github.com/FirebirdSQL/firebird,https://github.com/FirebirdSQL/firebird,2016-03-16 06:10:37+00:00,2019-11-11 14:26:30+00:00,2019-11-09 00:03:34+00:00,97.0,18.0,,369,54153.0,2019-06-24 10:31:07+00:00,R2_5_9,1426982.0,33185.0,11.0,"Firebird server, client and tools.",,,67,20,False,2,,,,,,,,,,,,,,,,,,
49,Hydrosphere Mist,Hydrospheredata/mist,faas,https://github.com/Hydrospheredata/mist,https://github.com/Hydrospheredata/mist,2016-01-15 07:22:05+00:00,2019-10-07 09:48:27+00:00,2019-10-07 09:48:23+00:00,59.0,22.0,148.0,277,2020.0,2019-07-24 16:36:53+00:00,1.1.3,8.0,250.0,47.0,Serverless proxy for Spark cluster.,,,31,20,True,3,,Apache-2.0,,,,,,hydrosphere/mist,https://hub.docker.com/r/hydrosphere/mist,2019-07-24 13:52:41.880904+00:00,7.0,11504.0,,,,,,
50,snowplow,snowplow/snowplow,event-analytics,https://github.com/snowplow/snowplow,https://github.com/snowplow/snowplow,2012-03-01 13:02:21+00:00,2019-11-09 06:24:06+00:00,2019-09-13 07:09:27+00:00,1041.0,617.0,3201.0,4988,5965.0,2019-09-13 08:31:52+00:00,r116-madara-rider,,,79.0,"Cloud-native web, mobile and event analytics, running on AWS and GCP.",,,84,19,True,3,,Apache-2.0,,,,,,,,,,,,,,,,
51,flyway,flyway/flyway,others,https://github.com/flyway/flyway,https://github.com/flyway/flyway,2012-12-14 18:43:22+00:00,2019-11-11 12:00:30+00:00,2019-11-11 11:33:09+00:00,968.0,202.0,1992.0,4600,2299.0,2019-10-30 14:57:27+00:00,flyway-6.0.8,,,40.0,Flyway by Boxfuse Database Migrations Made Easy.,18.0,18.0,139,19,False,2,,,,,,,,,,,,,,,,,,
52,kryo,EsotericSoftware/kryo,data-serialization,https://github.com/EsotericSoftware/kryo,https://github.com/EsotericSoftware/kryo,2013-11-06 13:24:03+00:00,2019-10-09 19:11:48+00:00,2019-07-07 14:23:02+00:00,694.0,34.0,522.0,4353,1019.0,2019-04-14 19:43:49+00:00,kryo-parent-5.0.0-RC4,14978.0,208.0,14.0,"Java binary serialization and cloning: fast, efficient, automatic.",,,69,19,True,3,,BSD-3-Clause,,,,,,,,,,,,,,,,
53,tarantool,tarantool/tarantool,data-storage,https://github.com/tarantool/tarantool,https://github.com/tarantool/tarantool,2010-09-15 07:59:26+00:00,2019-11-11 15:32:33+00:00,2019-11-11 06:31:00+00:00,203.0,865.0,3567.0,2255,13410.0,2019-11-06 15:13:05+00:00,2.1.3,434.0,7.0,22.0,Get your data in RAM. Get compute close to data. Enjoy the performance.,,,123,19,False,3,,,,,,,,,,,,,,,,,,
54,sphinx,sphinxsearch/sphinx,data-storage,https://github.com/sphinxsearch/sphinx,https://github.com/sphinxsearch/sphinx,2015-06-06 19:15:17+00:00,2018-03-30 15:41:40+00:00,2018-03-30 15:41:40+00:00,338.0,20.0,,1557,4512.0,2016-09-08 15:54:25+00:00,2.3.2-beta,9854.0,197.0,3.0,Sphinx search server.,,,27,19,False,3,,GPL-2.0,,,,,,,,,,,,,,,,
55,VictoriaMetrics,VictoriaMetrics/VictoriaMetrics,data-storage,https://github.com/VictoriaMetrics/VictoriaMetrics,https://github.com/VictoriaMetrics/VictoriaMetrics,2018-09-30 09:58:01+00:00,2019-11-11 11:22:07+00:00,2019-11-11 11:21:57+00:00,78.0,57.0,106.0,1361,512.0,2019-11-05 16:16:43+00:00,1.28.3,4830.0,439.0,100.0,"VictoriaMetrics - high-performance, cost-effective and scalable time series database, long-term remote storage for..",,,12,19,True,3,,Apache-2.0,,,,,,,,,,,,,,,,
56,elassandra,strapdata/elassandra,data-storage,https://github.com/strapdata/elassandra,https://github.com/strapdata/elassandra,2015-08-22 13:52:08+00:00,2019-10-23 19:45:21+00:00,2019-10-23 19:45:11+00:00,152.0,16.0,274.0,1326,,2019-10-18 20:21:25+00:00,6.2.3.21,12000.0,250.0,84.0,Elassandra = Elasticsearch + Apache Cassandra.,,,1084,19,True,3,,Apache-2.0,,,,,,,,,,,,,,,,
57,parquet-mr,apache/parquet-mr,data-serialization,https://github.com/apache/parquet-mr,https://github.com/apache/parquet-mr,2014-06-10 07:00:07+00:00,2019-11-11 17:06:38+00:00,2019-10-25 23:05:58+00:00,801.0,82.0,,964,2120.0,,,,,,Apache Parquet.,49.0,49.0,148,19,True,3,,Apache-2.0,,,,,,,,,,,,,,,,
58,accumulo,apache/accumulo,data-storage,https://github.com/apache/accumulo,https://github.com/apache/accumulo,2011-10-06 07:00:09+00:00,2019-11-07 23:56:36+00:00,2019-11-07 23:56:35+00:00,302.0,147.0,275.0,761,10288.0,,,,,,Apache Accumulo.,13.0,13.0,136,19,True,3,,Apache-2.0,,,,,,,,,,,,,,,,
59,phoenix,apache/phoenix,others,https://github.com/apache/phoenix,https://github.com/apache/phoenix,2014-06-04 07:00:08+00:00,2019-11-11 20:16:43+00:00,2019-11-11 20:14:45+00:00,694.0,184.0,,717,2991.0,,,,,,Mirror of Apache Phoenix.,46.0,46.0,137,19,True,2,,Apache-2.0,,,,,,,,,,,,,,,,
60,swarm-cronjob,crazy-max/swarm-cronjob,job-scheduler,https://github.com/crazy-max/swarm-cronjob,https://github.com/crazy-max/swarm-cronjob,2018-12-13 21:16:14+00:00,2019-11-11 20:50:05.828004+00:00,2019-11-11 19:46:21+00:00,20.0,3.0,14.0,219,101.0,2019-11-11 21:00:49+00:00,1.7.1,162.0,75324.0,12.0,Create jobs on a time-based schedule on Docker Swarm.,,,3,19,True,1,,MIT,,,,,,crazymax/swarm-cronjob,https://hub.docker.com/r/crazymax/swarm-cronjob,2019-11-11 20:50:05.828004+00:00,4.0,828371.0,,,,,,
61,goaccess,allinurl/goaccess,event-analytics,https://github.com/allinurl/goaccess,https://github.com/allinurl/goaccess,2013-07-14 03:42:08+00:00,2019-10-30 13:55:22+00:00,2019-10-30 13:55:21+00:00,703.0,262.0,1140.0,10141,2909.0,,,,,,GoAccess is a real-time web log analyzer and interactive viewer that runs in a terminal in *nix systems or through..,,,103,18,True,3,,MIT,,,,,,,,,,,,,,,,
62,memcached,memcached/memcached,data-storage,https://github.com/memcached/memcached,https://github.com/memcached/memcached,2009-04-24 23:34:25+00:00,2019-11-11 09:26:35+00:00,2019-11-11 08:13:46+00:00,2665.0,53.0,226.0,9472,1581.0,,,,,,memcached development tree.,,,197,18,False,3,,,,,,,,,,,,,,,,,,
63,core,owncloud/core,others,https://github.com/owncloud/core,https://github.com/owncloud/core,2012-08-25 10:32:48+00:00,2019-11-11 17:24:05+00:00,2019-11-11 17:23:34+00:00,1920.0,1520.0,16822.0,6843,41385.0,,,,,,"ownCloud web server core (Files, DAV, etc.).",,,584,18,False,3,,,,,,,,,,,,,,,,,,
64,summingbird,twitter/summingbird,others,https://github.com/twitter/summingbird,https://github.com/twitter/summingbird,2012-09-25 22:38:35+00:00,2019-06-06 17:24:18+00:00,2019-02-11 23:10:34+00:00,264.0,161.0,134.0,2059,1701.0,2016-06-23 21:16:10+00:00,0.11.0-RC1,,,24.0,Streaming MapReduce with Scalding and Storm.,,,42,18,True,3,,Apache-2.0,,,,,,,,,,,,,,,,
65,voltdb,VoltDB/voltdb,data-storage,https://github.com/VoltDB/voltdb,https://github.com/VoltDB/voltdb,2011-09-23 18:46:12+00:00,2019-11-11 21:02:29+00:00,2019-11-11 15:31:13+00:00,380.0,74.0,,1488,27047.0,,,,,,VoltDB.,,,184,18,False,3,,AGPL-3.0,,,,,,,,,,,,,,,,
66,fx,metrue/fx,faas,https://github.com/metrue/fx,https://github.com/metrue/fx,2017-10-21 04:43:44+00:00,2019-11-11 11:11:09+00:00,2019-11-11 10:50:53+00:00,64.0,44.0,65.0,1298,615.0,2019-11-11 11:11:09+00:00,0.8.0-alpha.48413ab,1730.0,147.0,100.0,fx is a framework to help you do Function as a Service with painless on your own servers.,,,20,18,True,3,,MIT,,,,,,metrue/fx-docker,https://hub.docker.com/r/metrue/fx-docker,2019-10-16 03:22:12.356143+00:00,,1173.0,,,,,,
67,griddb_nosql,griddb/griddb_nosql,data-storage,https://github.com/griddb/griddb_nosql,https://github.com/griddb/griddb_nosql,2016-02-24 06:31:40+00:00,2019-11-05 19:24:30+00:00,2019-10-31 06:23:47+00:00,1921.0,20.0,112.0,1025,182.0,2019-06-27 10:19:09+00:00,4.2.1,14127.0,353.0,10.0,"high performance, high scalability and high reliability database for IoT & big data.",,,7,18,False,3,,,,,,,,,,,,,,,,,,
68,carbondata,apache/carbondata,data-storage,https://github.com/apache/carbondata,https://github.com/apache/carbondata,2016-06-28 07:00:06+00:00,2019-11-11 14:09:41+00:00,2019-11-11 11:38:36+00:00,568.0,136.0,,980,4283.0,,,,,,Mirror of Apache CarbonData.,3.0,3.0,189,18,True,3,,Apache-2.0,,,,,,,,,,,,,,,,
69,hugegraph,hugegraph/hugegraph,data-storage,https://github.com/hugegraph/hugegraph,https://github.com/hugegraph/hugegraph,2018-07-18 03:30:20+00:00,2019-11-11 06:27:24+00:00,2019-11-11 06:27:19+00:00,134.0,200.0,303.0,855,1019.0,2019-11-08 06:33:18+00:00,0.10.4,6122.0,408.0,5.0,"HugeGraph Database core component, including graph engine, API, and built-in backends.",,,15,18,True,3,,Apache-2.0,,,,,,,,,,,,,,,,
70,opennlp,apache/opennlp,others,https://github.com/apache/opennlp,https://github.com/apache/opennlp,2011-11-09 08:00:09+00:00,2019-11-05 13:00:28+00:00,2019-10-15 19:05:38+00:00,330.0,9.0,,854,1855.0,,,,,,Mirror of Apache OpenNLP.,30.0,30.0,32,18,True,3,,Apache-2.0,,,,,,,,,,,,,,,,
71,heroic,spotify/heroic,data-storage,https://github.com/spotify/heroic,https://github.com/spotify/heroic,2015-05-29 05:20:53+00:00,2019-11-06 19:25:24+00:00,2019-11-06 19:25:19+00:00,87.0,67.0,142.0,735,1201.0,2019-10-17 20:16:14+00:00,0.10.2,,,13.0,The Heroic Time Series Database.,,,30,18,True,3,,Apache-2.0,,,,,,,,,,,,,,,,
72,Seal-Report,ariacom/Seal-Report,business-intelligence,https://github.com/ariacom/Seal-Report,https://github.com/ariacom/Seal-Report,2015-08-11 15:21:31+00:00,2019-11-07 07:26:03+00:00,2019-11-06 17:04:55+00:00,266.0,6.0,17.0,727,456.0,2019-06-26 08:03:23+00:00,5.0,29162.0,571.0,13.0,Open Database Reporting Tool (.Net).,,,4,18,True,1,,Apache-2.0,,,,,,,,,,,,,,,,
73,virtuoso-opensource,openlink/virtuoso-opensource,data-storage,https://github.com/openlink/virtuoso-opensource,https://github.com/openlink/virtuoso-opensource,2012-03-21 16:00:39+00:00,2019-10-02 13:45:19+00:00,2019-09-30 18:37:52+00:00,156.0,493.0,328.0,593,8976.0,2018-08-16 11:00:56+00:00,7.2.5,6492.0,113.0,6.0,"Virtuoso is a high-performance and scalable Multi-Model RDBMS, Data Integration Middleware, Linked Data Deployment,..",,,23,18,False,3,,,,,,,,,,,,,,,,,,
74,cytoscape,cytoscape/cytoscape,data-viz,https://github.com/cytoscape/cytoscape,https://github.com/cytoscape/cytoscape,2013-01-16 22:12:17+00:00,2019-10-11 20:44:37+00:00,2019-10-11 20:44:37+00:00,74.0,,,253,152.0,2019-09-04 19:09:47+00:00,3.7.2,341283.0,24377.0,4.0,Cytoscape: an open source platform for network analysis and visualization.,,,17,18,False,3,,,,,,,,,,,,,,,,,,
75,tez,apache/tez,data-processing,https://github.com/apache/tez,https://github.com/apache/tez,2013-04-08 07:20:23+00:00,2019-11-09 00:20:20+00:00,2019-11-09 00:20:09+00:00,239.0,20.0,,249,2692.0,,,,,,Mirror of Apache Tez.,12.0,12.0,43,18,True,1,,Apache-2.0,,,,,,,,,,,,,,,,
76,incubator-pinot,apache/incubator-pinot,data-storage,https://github.com/apache/incubator-pinot,https://github.com/apache/incubator-pinot,2014-05-19 23:27:48+00:00,2019-11-11 20:52:30+00:00,2019-11-09 02:08:29+00:00,458.0,311.0,127.0,2388,6473.0,2019-03-07 23:19:10+00:00,release-0.1.0,,,1.0,Apache Pinot (Incubating) - A realtime distributed OLAP datastore.,,,115,17,True,3,,Apache-2.0,,,,,,,,,,,,,,,,
77,pipelinedb,pipelinedb/pipelinedb,data-storage,https://github.com/pipelinedb/pipelinedb,https://github.com/pipelinedb/pipelinedb,2013-11-26 00:11:48+00:00,2019-05-01 19:32:42+00:00,2019-05-01 19:32:42+00:00,190.0,123.0,1343.0,2238,1023.0,2019-02-19 20:08:29+00:00,1.0.0-13,5467.0,109.0,49.0,High-performance time-series aggregation for PostgreSQL.,,,18,17,True,3,,Apache-2.0,,,,,,,,,,,,,,,,
78,Kala,ajvb/kala,job-scheduler,https://github.com/ajvb/kala,https://github.com/ajvb/kala,2015-03-19 04:24:19+00:00,2019-11-02 20:55:06+00:00,2019-02-11 23:48:06+00:00,122.0,15.0,88.0,1373,410.0,2018-04-03 14:02:48.975000+00:00,0.4.0,,19.0,4.0,Modern Job Scheduler.,,,34,17,True,2,,MIT,,,,,,,,,,,,github.com/ajvb/kala,kala-node,https://www.npmjs.com/package/kala-node,2018-04-03 14:02:48.975000+00:00,19.0
79,docker-python,Kaggle/docker-python,dev-environments,https://github.com/Kaggle/docker-python,https://github.com/Kaggle/docker-python,2015-04-14 01:45:38+00:00,2019-11-08 21:48:04+00:00,2019-11-08 21:48:02+00:00,546.0,36.0,177.0,1127,1323.0,,,,,,Kaggle Python docker image.,,,122,17,True,2,,Apache-2.0,,,,,,,,,,,,,,,,
80,Kudu,apache/kudu,data-storage,https://github.com/apache/kudu,https://github.com/apache/kudu,2016-01-29 08:00:06+00:00,2019-11-10 13:15:30+00:00,2019-11-10 13:14:24+00:00,302.0,3.0,,996,8313.0,,,,,,Column-oriented data store of the Apache Hadoop ecosystem.,,,136,17,True,3,,Apache-2.0,,,,,,,,,,,,,,,,
81,jena,apache/jena,data-storage,https://github.com/apache/jena,https://github.com/apache/jena,2013-01-04 08:00:32+00:00,2019-11-11 20:22:57+00:00,2019-11-07 16:15:22+00:00,429.0,9.0,,589,8081.0,,,,,,Mirror of Apache Jena.,122.0,122.0,68,17,False,3,,,,,,,,,,,,,,,,,,
82,esper,espertechinc/esper,data-processing,https://github.com/espertechinc/esper,https://github.com/espertechinc/esper,2015-04-06 16:21:10+00:00,2019-11-06 15:01:54+00:00,2019-11-06 15:00:55+00:00,183.0,8.0,145.0,567,961.0,2019-09-19 13:19:02+00:00,release_8.3.0,,,17.0,"Esper Complex Event Processing, Streaming SQL and Event Series Analysis.",13.0,13.0,8,17,True,2,,GPL-2.0,,,,,,,,,,,,,,,,
83,nakadi,zalando/nakadi,data-processing,https://github.com/zalando/nakadi,https://github.com/zalando/nakadi,2015-10-14 08:30:17+00:00,2019-11-11 12:11:31+00:00,2019-10-31 08:09:32+00:00,111.0,40.0,141.0,553,4948.0,2019-10-31 09:13:49+00:00,r3.3.9-2019-10-31,,,83.0,A distributed event bus that implements a RESTful API abstraction on top of Kafka-like queues.,,,58,17,True,2,,MIT,,,,,,,,,,,,,,,,
84,Argus,salesforce/Argus,event-analytics,https://github.com/salesforce/Argus,https://github.com/salesforce/Argus,2015-10-26 20:17:17+00:00,2019-11-05 03:04:41+00:00,2019-08-21 15:04:42+00:00,111.0,44.0,47.0,424,3068.0,2018-10-07 02:04:57+00:00,2.21.3,,,20.0,Time series monitoring and alerting platform.,,,54,17,True,3,,BSD-3-Clause,,,,,,,,,,,,,,,,
85,chronix.server,ChronixDB/chronix.server,data-storage,https://github.com/ChronixDB/chronix.server,https://github.com/ChronixDB/chronix.server,2015-10-02 11:04:02+00:00,2019-11-07 19:44:39+00:00,2019-11-07 19:44:15+00:00,26.0,12.0,71.0,251,585.0,2019-08-24 18:38:50+00:00,0.5.1,1849.0,39.0,13.0,The Chronix Server implementation that is based on Apache Solr.,,,12,17,True,3,,Apache-2.0,,,,,,,,,,,,,,,,
86,AI-Blocks,MrNothing/AI-Blocks,dev-environments,https://github.com/MrNothing/AI-Blocks,https://github.com/MrNothing/AI-Blocks,2017-10-16 10:51:25+00:00,2019-10-22 15:38:33+00:00,2019-10-22 15:38:22+00:00,215.0,2.0,14.0,1723,158.0,2017-12-13 09:50:55+00:00,1.5.3-beta,2966.0,118.0,11.0,A powerful and intuitive WYSIWYG interface that allows anyone to create Machine Learning models!.,,,4,16,False,2,,,,,,,,,,,,,,,,,,
87,sqlite,mackyle/sqlite,data-storage,https://github.com/mackyle/sqlite,https://github.com/mackyle/sqlite,2013-05-31 08:13:04+00:00,2019-11-11 09:44:47+00:00,2019-11-10 11:09:06+00:00,437.0,2.0,,1445,21177.0,,,,,,Unofficial git mirror of SQLite sources (see link for build instructions).,,,28,16,False,3,,,,,,,,,,,,,,,,,,
88,cuisine,sebastien/cuisine,remote-executions,https://github.com/sebastien/cuisine,https://github.com/sebastien/cuisine,2011-02-28 20:26:37+00:00,2018-02-27 14:58:41+00:00,2018-02-27 14:58:26+00:00,155.0,24.0,80.0,1243,424.0,,,,,,Chef-like functionality for Fabric.,123.0,123.0,56,16,False,3,,,,,,,,,,,,,,,,,,
89,Ackee,electerious/Ackee,event-analytics,https://github.com/electerious/Ackee,https://github.com/electerious/Ackee,2014-04-16 08:08:37+00:00,2019-11-10 16:20:42+00:00,2019-11-05 15:12:07+00:00,55.0,6.0,31.0,1094,626.0,2019-11-05 15:32:36+00:00,1.4.0,,,5.0,"Self-hosted, Node.js based analytics tool for those who care about privacy.",,,5,16,True,3,,MIT,,,,,,,,,,,,,,,,
90,incubator-hudi,apache/incubator-hudi,others,https://github.com/apache/incubator-hudi,https://github.com/apache/incubator-hudi,2016-12-14 15:53:41+00:00,2019-11-11 19:07:51+00:00,2019-11-11 18:40:16+00:00,255.0,42.0,383.0,721,612.0,2019-05-29 03:05:37+00:00,hoodie-0.4.7,,,8.0,Upserts And Incremental Processing on Big Data.,,,67,16,True,3,,Apache-2.0,,,,,,,,,,,,,,,,
91,metron,apache/metron,others,https://github.com/apache/metron,https://github.com/apache/metron,2015-12-08 08:00:05+00:00,2019-11-11 12:04:46+00:00,2019-11-05 01:30:41+00:00,466.0,28.0,,696,1431.0,,,,,,Apache Metron.,,,78,16,True,3,,Apache-2.0,,,,,,,,,,,,,,,,
92,modeldb,mitdbg/modeldb,others,https://github.com/mitdbg/modeldb,https://github.com/mitdbg/modeldb,2016-10-19 01:07:26+00:00,2019-05-13 02:40:11+00:00,2019-02-21 20:58:15+00:00,151.0,60.0,28.0,794,1109.0,,,,,,A system to manage machine learning models.,4.0,4.0,19,15,True,3,,MIT,,,,,,,,,,,,,,,,
93,PostGIS,postgis/postgis,data-storage,https://github.com/postgis/postgis,https://github.com/postgis/postgis,2012-05-22 13:31:25+00:00,2019-11-11 19:19:34+00:00,2019-11-11 03:15:42+00:00,249.0,2.0,,714,13134.0,,,,,,PostGIS spatial database extension to PostgreSQL [mirror].,,,32,15,False,3,,,,,,,,,,,,,,,,,,
94,kube-airflow,mumoshu/kube-airflow,job-scheduler,https://github.com/mumoshu/kube-airflow,https://github.com/mumoshu/kube-airflow,2016-07-21 07:28:47+00:00,2019-07-19 17:22:00+00:00,2018-04-23 07:41:50+00:00,150.0,21.0,11.0,510,69.0,,,,4389.0,,A docker image and kubernetes config files to run Airflow on Kubernetes.,,,9,15,False,3,,Apache-2.0,,,,,,mumoshu/kube-airflow,https://hub.docker.com/r/mumoshu/kube-airflow,2017-06-23 06:17:03.567218+00:00,7.0,175568.0,,,,,,
95,rapidminer-studio,rapidminer/rapidminer-studio,business-intelligence,https://github.com/rapidminer/rapidminer-studio,https://github.com/rapidminer/rapidminer-studio,2015-08-26 10:57:00+00:00,2019-11-07 10:38:58+00:00,2019-11-07 10:25:04+00:00,171.0,10.0,19.0,318,47.0,2019-11-07 10:40:32+00:00,9.5.0,,,24.0,Easy-to-use visual environment for predictive analytics. No programming required. RapidMiner is easily the most..,,,6,15,True,3,,AGPL-3.0,,,,,,,,,,,,,,,,
96,orc,apache/orc,others,https://github.com/apache/orc,https://github.com/apache/orc,2015-05-06 07:00:05+00:00,2019-11-06 15:47:10+00:00,2019-11-05 18:55:19+00:00,218.0,14.0,,294,578.0,,,,,,Mirror of Apache Orc.,,,73,15,True,3,,Apache-2.0,,,,,,,,,,,,,,,,
97,jaas,alexellis/jaas,job-scheduler,https://github.com/alexellis/jaas,https://github.com/alexellis/jaas,2017-01-06 18:30:38+00:00,2019-09-27 21:17:58+00:00,2019-09-27 21:17:22+00:00,26.0,14.0,19.0,220,76.0,2019-09-27 21:00:44+00:00,1.1.0,,,7.0,Run jobs (tasks/one-shot containers) on Docker Swarm.,,,8,15,True,3,,MIT,,,,,,,,,,,,,,,,
98,data-accelerator,microsoft/data-accelerator,others,https://github.com/microsoft/data-accelerator,https://github.com/microsoft/data-accelerator,2019-03-14 21:17:18+00:00,2019-11-07 22:53:31+00:00,2019-11-07 22:53:29+00:00,52.0,26.0,12.0,213,293.0,2019-10-11 00:32:51+00:00,#155,,,3.0,"Data Accelerator for Apache Spark simplifies onboarding to Streaming of Big Data. It offers a rich, easy to use..",,,19,15,True,3,,MIT,,,,,,,,,,,,,,,,
99,knox,apache/knox,others,https://github.com/apache/knox,https://github.com/apache/knox,2014-03-01 08:00:06+00:00,2019-11-11 15:11:02+00:00,2019-11-09 21:04:34+00:00,131.0,4.0,,90,2092.0,,,,,,Mirror of Apache Knox.,3.0,3.0,54,15,False,3,,Apache-2.0,,,,,,,,,,,,,,,,
100,Avatica,apache/calcite-avatica,others,https://github.com/apache/calcite-avatica,https://github.com/apache/calcite-avatica,2017-03-22 07:00:06+00:00,2019-11-10 23:23:42+00:00,2019-11-10 23:23:22+00:00,88.0,4.0,,81,2625.0,,,,,,Mirror of Apache Calcite - Avatica.,,,153,15,False,3,,Apache-2.0,,,,,,,,,,,,,,,,
101,traildb,traildb/traildb,data-storage,https://github.com/traildb/traildb,https://github.com/traildb/traildb,2014-08-12 07:34:48+00:00,2019-11-01 23:30:51+00:00,2019-11-01 23:28:08+00:00,61.0,32.0,28.0,968,784.0,,,,,,TrailDB is an efficient tool for storing and querying series of events.,,,23,14,True,3,,MIT,,,,,,,,,,,,,,,,
102,brat,nlplab/brat,data-labeling,https://github.com/nlplab/brat,https://github.com/nlplab/brat,2011-01-28 05:37:55+00:00,2019-10-22 11:53:14+00:00,2019-07-12 13:17:28+00:00,322.0,433.0,851.0,917,3164.0,,,,,,brat rapid annotation tool (brat) - for all your textual annotation needs.,,,29,14,False,1,,,,,,,,,,,,,,,,,,
103,graphexp,bricaud/graphexp,data-viz,https://github.com/bricaud/graphexp,https://github.com/bricaud/graphexp,2017-06-17 15:34:26+00:00,2019-09-25 17:27:14+00:00,2019-09-25 17:27:01+00:00,110.0,27.0,28.0,402,100.0,2018-04-16 16:03:48+00:00,0.8.0,,,3.0,Interactive visualization of the Gremlin graph database with D3.js.,,,17,14,True,3,,Apache-2.0,,,,,,,,,,,,,,,,
104,knime-core,knime/knime-core,business-intelligence,https://github.com/knime/knime-core,https://github.com/knime/knime-core,2017-03-07 22:43:59+00:00,2019-11-11 18:59:14+00:00,2019-11-11 15:12:20+00:00,66.0,,,209,17166.0,,,,,,KNIME Analytics Platform.,,,71,14,False,3,,,,,,,,,,,,,,,,,,
105,rakam,rakam-io/rakam,event-analytics,https://github.com/rakam-io/rakam,https://github.com/rakam-io/rakam,2014-01-16 15:17:09+00:00,2019-10-31 18:02:23+00:00,2019-08-20 14:32:17+00:00,100.0,8.0,68.0,746,1674.0,,,,,,An analytics platform that makes easy to create custom analytics services.,,,14,13,True,3,,AGPL-3.0,,,,,,,,,,,,,,,,
106,giraph,apache/giraph,data-storage,https://github.com/apache/giraph,https://github.com/apache/giraph,2011-08-28 07:00:33+00:00,2019-11-08 19:36:39+00:00,2019-11-06 19:35:09+00:00,262.0,23.0,,529,,,,,,,Mirror of Apache Giraph.,17.0,17.0,52,13,False,3,,,,,,,,,,,,,,,,,,
107,terminus-server,terminusdb/terminus-server,data-storage,https://github.com/terminusdb/terminus-server,https://github.com/terminusdb/terminus-server,2019-07-23 16:15:27+00:00,2019-11-11 16:07:15+00:00,2019-11-05 09:23:07+00:00,4.0,16.0,12.0,150,391.0,2019-10-07 14:47:54+00:00,1.0.1,,,2.0,open source model driven graph database for knowledge graph representation.,,,8,13,True,3,,GPL-3.0,,,,,,,,,,,,,,,,
108,akutan,eBay/akutan,data-storage,https://github.com/eBay/akutan,https://github.com/eBay/akutan,2019-04-04 22:32:19+00:00,2019-07-18 23:39:49+00:00,2019-07-18 23:39:48+00:00,73.0,18.0,8.0,1446,41.0,,,,,,A distributed knowledge graph store.,,,6,12,True,3,,Apache-2.0,,,,,,,,,,,,,,,,
109,pig,apache/pig,data-processing,https://github.com/apache/pig,https://github.com/apache/pig,2009-05-21 01:10:43+00:00,2019-07-03 17:53:30+00:00,2019-07-03 17:53:20+00:00,436.0,23.0,,589,,,,,,,Mirror of Apache Pig.,,,33,12,True,3,,Apache-2.0,,,,,,,,,,,,,,,,
110,eliasdb,krotik/eliasdb,data-storage,https://github.com/krotik/eliasdb,https://github.com/krotik/eliasdb,2016-08-13 13:53:28+00:00,2019-10-29 20:27:13+00:00,2019-09-07 12:42:43+00:00,24.0,2.0,12.0,549,77.0,2019-03-05 17:11:02+00:00,1.0.0,11.0,1.0,1.0,EliasDB is a graph-based database.,,,4,12,True,3,,MPL-2.0,,,,,,,,,,,,,,,,
111,aerospike-server,aerospike/aerospike-server,data-storage,https://github.com/aerospike/aerospike-server,https://github.com/aerospike/aerospike-server,2018-03-08 00:59:46+00:00,2019-11-08 14:16:51+00:00,2019-10-29 22:58:15+00:00,62.0,5.0,5.0,346,449.0,,,,,,"Aerospike Database Server flash-optimized, in-memory, nosql database.",,,29,12,False,3,,,,,,,,,,,,,,,,,,
112,cascading,cwensel/cascading,others,https://github.com/cwensel/cascading,https://github.com/cwensel/cascading,2009-02-04 17:52:06+00:00,2019-10-10 20:20:49+00:00,2019-10-10 20:20:17+00:00,229.0,2.0,3.0,307,1017.0,,,,,,Cascading is a feature rich API for defining and executing complex and fault tolerant data processing flows locally or..,,,15,12,False,3,,,,,,,,,,,,,,,,,,
113,via,ox-vgg/via,data-labeling,https://github.com/ox-vgg/via,https://github.com/ox-vgg/via,2017-02-01 10:53:56+00:00,2019-10-11 12:42:01+00:00,2019-08-20 12:44:43+00:00,27.0,4.0,,72,766.0,,,,,,(MIRROR) a standalone image annotator application packaged as a single HTML file ( 200 KB) that runs on most modern..,,,10,12,False,2,,BSD-2-Clause,,,,,,,,,,,,,,,,
114,SMART,RTIInternational/SMART,data-labeling,https://github.com/RTIInternational/SMART,https://github.com/RTIInternational/SMART,2018-09-27 18:53:25+00:00,2019-09-20 14:04:45+00:00,2019-09-20 14:04:44+00:00,8.0,5.0,4.0,64,845.0,2018-10-24 15:22:29+00:00,1.0.0,,,1.0,Smarter Manual Annotation for Resource-constrained collection of Training data.,,,8,12,False,2,,MIT,,,,,,,,,,,,,,,,
115,ai-lab,NVAITC/ai-lab,dev-environments,https://github.com/NVAITC/ai-lab,https://github.com/NVAITC/ai-lab,2018-09-15 12:44:21+00:00,2019-10-13 09:15:36+00:00,2019-10-13 09:15:21+00:00,7.0,5.0,15.0,64,244.0,2019-10-13 08:09:42+00:00,19.09,,,2.0,All-in-one AI container for rapid prototyping.,,,5,12,False,3,,GPL-3.0,,,,,,,,,,,,,,,,
116,conquery,bakdata/conquery,db-gui,https://github.com/bakdata/conquery,https://github.com/bakdata/conquery,2017-07-12 05:52:05+00:00,2019-11-11 16:45:57+00:00,2019-11-11 15:50:18+00:00,5.0,84.0,55.0,18,247.0,2019-11-01 15:09:13+00:00,2.0.0-RC77,30.0,1.0,100.0,"Visual, interactive queries against big databases.",,,18,12,False,1,,MIT,,,,,,,,,,,,,,,,
117,dl-docker,floydhub/dl-docker,dev-environments,https://github.com/floydhub/dl-docker,https://github.com/floydhub/dl-docker,2016-06-04 18:42:28+00:00,2019-08-21 20:18:27+00:00,2018-08-23 20:05:29+00:00,781.0,63.0,26.0,3671,53.0,,,,,,"An all-in-one Docker image for deep learning. Contains all the popular DL frameworks (TensorFlow, Theano, Torch,..",,,11,11,False,3,,,,,,,,,,,,,,,,,,
118,labnotebook,henripal/labnotebook,others,https://github.com/henripal/labnotebook,https://github.com/henripal/labnotebook,2018-02-20 20:17:48+00:00,2018-03-31 02:06:31+00:00,2018-03-29 14:14:25+00:00,38.0,5.0,8.0,527,43.0,,,,,,"LabNotebook is a tool that allows you to flexibly monitor, record, save, and query all your machine learning..",,,3,11,False,3,,MIT,,,,,,,,,,,,,,,,
119,YEDDA,jiesutd/YEDDA,data-labeling,https://github.com/jiesutd/YEDDA,https://github.com/jiesutd/YEDDA,2016-01-08 07:33:27+00:00,2019-07-31 15:05:07+00:00,2019-07-31 15:05:00+00:00,147.0,5.0,21.0,480,115.0,,,,,,YEDDA: A Lightweight Collaborative Text Span Annotation Tool. Code for ACL 2018 Best Demo Paper Nomination.,,,3,11,True,3,,Apache-2.0,,,,,,,,,,,,,,,,
120,derby,apache/derby,data-storage,https://github.com/apache/derby,https://github.com/apache/derby,2011-06-19 07:00:34+00:00,2019-08-18 23:22:01+00:00,2019-08-18 23:21:51+00:00,105.0,3.0,,200,,,,,,,Mirror of Apache Derby.,,,38,11,True,3,,Apache-2.0,,,,,,,,,,,,,,,,
121,incubator-annotator,apache/incubator-annotator,data-labeling,https://github.com/apache/incubator-annotator,https://github.com/apache/incubator-annotator,2016-12-06 08:00:07+00:00,2019-11-11 14:50:14+00:00,2019-11-11 14:50:12+00:00,20.0,11.0,23.0,72,304.0,,,,,,"Apache Annotator provides annotation enabling code for browsers, servers, and humans.",,,6,11,False,3,,Apache-2.0,,,,,,,,,,,,,,,,
122,FastAnnotationTool,christopher5106/FastAnnotationTool,data-labeling,https://github.com/christopher5106/FastAnnotationTool,https://github.com/christopher5106/FastAnnotationTool,2016-06-24 13:30:22+00:00,2019-01-17 11:05:33+00:00,2019-01-17 11:05:32+00:00,200.0,7.0,2.0,830,59.0,,,,,,"A tool using OpenCV to annotate images for image classification, optical character reading, ...",,,4,10,False,3,,,,,,,,,,,,,,,,,,
123,Open Semantic Search,opensemanticsearch/open-semantic-search,others,https://github.com/opensemanticsearch/open-semantic-search,https://github.com/opensemanticsearch/open-semantic-search,2016-03-30 15:51:03+00:00,2019-11-07 13:48:48+00:00,2019-11-07 13:48:37+00:00,23.0,83.0,130.0,214,58.0,,,,,,Open Semantic Search Engine and Open Source Text Mining & Text Analytics platform (Integrates ETL for document..,,,2,10,True,3,,GPL-3.0,,,,,,,,,,,,,,,,
124,talen,CogComp/talen,data-labeling,https://github.com/CogComp/talen,https://github.com/CogComp/talen,2016-05-25 22:20:39+00:00,2019-11-02 20:39:14+00:00,2019-07-16 17:16:34+00:00,19.0,9.0,9.0,93,298.0,,,,,1.0,A way to do annotations for NER.,,,4,9,False,3,,,,,,,,,,,,,,,,,,
125,turkey,yanfengliu/turkey,data-labeling,https://github.com/yanfengliu/turkey,https://github.com/yanfengliu/turkey,2018-09-30 02:18:21+00:00,2019-07-26 03:18:03+00:00,2019-07-24 04:16:46+00:00,1.0,,,46,102.0,,,,,,Easily create a web UI on Amazon Mechanical Turk to crowd-source instance segmentation data.,,,2,7,False,3,,MIT,,,,,,,,,,,,,,,,
126,notebooks,rlan/notebooks,dev-environments,https://github.com/rlan/notebooks,https://github.com/rlan/notebooks,2018-04-06 00:33:00+00:00,2019-10-31 13:09:53+00:00,2019-10-31 13:09:47+00:00,,4.0,42.0,15,147.0,,,,,,A docker starter kit for Jupyter notebooks and machine learning. Companion docker images consist of combinations of..,,,1,7,False,3,,MIT,,,,,,,,,,,,,,,,
